year_a,year_b,n_pixels,cos_sim_mean,cos_sim_p05,cos_sim_p50,cos_sim_p95,cos_sim_min
2022,2023,500,0.9517514925794217,0.8514990477796792,0.9669363402413065,0.9975597339251256,0.5461867476174128
2023,2024,500,0.9531466527518256,0.8349649232639631,0.9745257671854145,0.9966122110029915,0.6526962287870581
2024,2025,500,0.9536864495647186,0.8199682328969508,0.9762602988133866,0.9971172797372516,0.5392941957068889
